BC0,UNT
BC1,TIN
BC2,TIN
BC3,TIN
BC4,UNT
BC5,TIN
BC6,UNT
BC7,UNT
BC8,UNT
BC9,TIN
BC10,UNT
BC11,TIN
BC12,TIN
BC13,UNT
BC14,UNT
BC15,TIN
BC16,TIN
BC17,TIN
BC18,UNT
BC19,TIN
BC20,UNT
BC21,UNT
BC22,TIN
BC23,TIN
BC24,UNT
BC25,TIN
BC26,TIN
BC27,TIN
BC28,UNT
BC29,TIN
BC30,UNT
BC31,TIN
BC32,TIN
BC33,UNT
BC34,TIN
BC35,TIN
BC36,UNT
BC37,UNT
BC38,TIN
BC39,TIN
BC40,UNT
BC41,UNT
BC42,UNT
BC43,UNT
BC44,TIN
BC45,TIN
BC46,TIN
BC47,TIN
BC48,TIN
BC49,UNT
BC50,TIN
BC51,TIN
BC52,UNT
BC53,TIN
BC54,TIN
BC55,TIN
BC56,UNT
BC57,TIN
BC58,UNT
BC59,TIN
BC60,TIN
BC61,UNT
BC62,UNT
BC63,TIN
BC64,TIN
BC65,UNT
BC66,UNT
BC67,TIN
BC68,UNT
BC69,TIN
BC70,TIN
BC71,UNT
BC72,TIN
BC73,TIN
BC74,TIN
BC75,TIN
BC76,TIN
BC77,TIN
BC78,UNT
BC79,TIN
BC80,TIN
BC81,TIN
BC82,TIN
BC83,TIN
BC84,UNT
BC85,UNT
BC86,UNT
BC87,TIN
BC88,TIN
BC89,TIN
BC90,TIN
BC91,TIN
BC92,TIN
BC93,TIN
BC94,UNT
BC95,TIN
BC96,TIN
BC97,TIN
BC98,TIN
BC99,TIN
BC100,UNT
BC101,TIN
BC102,TIN
BC103,UNT
BC104,TIN
BC105,UNT
BC106,TIN
BC107,TIN
BC108,TIN
BC109,TIN
BC110,TIN
BC111,UNT
BC112,UNT
BC113,UNT
BC114,UNT
BC115,TIN
BC116,TIN
BC117,TIN
BC118,TIN
BC119,UNT
BC120,TIN
BC121,TIN
BC122,TIN
BC123,TIN
BC124,TIN
BC125,TIN
BC126,TIN
BC127,TIN
BC128,TIN
BC129,TIN
BC130,TIN
BC131,TIN
BC132,TIN
BC133,UNT
BC134,TIN
BC135,UNT
BC136,TIN
BC137,TIN
BC138,TIN
BC139,UNT
BC140,UNT
BC141,UNT
BC142,TIN
BC143,TIN
BC144,TIN
BC145,TIN
BC146,UNT
BC147,UNT
BC148,UNT
BC149,UNT
BC150,TIN
BC151,TIN
BC152,UNT
BC153,TIN
BC154,UNT
BC155,UNT
BC156,TIN
BC157,UNT
BC158,TIN
BC159,UNT
BC160,UNT
BC161,TIN
BC162,TIN
BC163,UNT
BC164,TIN
BC165,TIN
BC166,UNT
BC167,UNT
BC168,UNT
BC169,TIN
BC170,TIN
BC171,TIN
BC172,TIN
BC173,UNT
BC174,TIN
BC175,TIN
BC176,TIN
BC177,TIN
BC178,UNT
BC179,TIN
BC180,TIN
BC181,UNT
BC182,TIN
BC183,TIN
BC184,TIN
BC185,UNT
BC186,UNT
BC187,TIN
BC188,UNT
BC189,UNT
BC190,UNT
BC191,UNT
BC192,UNT
BC193,TIN
BC194,UNT
BC195,TIN
BC196,UNT
BC197,UNT
BC198,TIN
BC199,TIN
BC200,UNT
BC201,TIN
BC202,UNT
BC203,TIN
BC204,TIN
BC205,TIN
BC206,UNT
BC207,UNT
BC208,TIN
BC209,UNT
BC210,TIN
BC211,UNT
BC212,UNT
BC213,TIN
BC214,TIN
BC215,UNT
BC216,TIN
BC217,TIN
BC218,TIN
BC219,TIN
BC220,UNT
BC221,TIN
BC222,TIN
BC223,TIN
BC224,UNT
BC225,UNT
BC226,TIN
BC227,TIN
BC228,TIN
BC229,TIN
BC230,TIN
BC231,TIN
BC232,TIN
BC233,TIN
BC234,TIN
BC235,TIN
BC236,UNT
BC237,TIN
BC238,TIN
BC239,UNT
BC240,TIN
BC241,UNT
BC242,TIN
BC243,TIN
BC244,TIN
BC245,UNT
BC246,TIN
BC247,TIN
BC248,TIN
BC249,TIN
BC250,TIN
BC251,TIN
BC252,UNT
BC253,UNT
BC254,UNT
BC255,UNT
BC256,UNT
BC257,UNT
BC258,TIN
BC259,UNT
BC260,TIN
BC261,TIN
BC262,TIN
BC263,UNT
BC264,UNT
BC265,UNT
BC266,UNT
BC267,TIN
BC268,TIN
BC269,TIN
BC270,TIN
BC271,UNT
BC272,UNT
BC273,TIN
BC274,TIN
BC275,TIN
BC276,TIN
BC277,UNT
BC278,UNT
BC279,TIN
BC280,TIN
BC281,TIN
BC282,UNT
BC283,UNT
BC284,TIN
BC285,UNT
BC286,UNT
BC287,UNT
BC288,UNT
BC289,UNT
BC290,TIN
BC291,TIN
BC292,UNT
BC293,TIN
BC294,TIN
BC295,UNT
BC296,TIN
BC297,TIN
BC298,UNT
BC299,UNT
BC300,UNT
BC301,TIN
BC302,TIN
BC303,UNT
BC304,TIN
BC305,TIN
BC306,UNT
BC307,TIN
BC308,TIN
BC309,TIN
BC310,UNT
BC311,UNT
BC312,TIN
BC313,UNT
BC314,TIN
BC315,UNT
BC316,UNT
BC317,TIN
BC318,TIN
BC319,TIN
BC320,UNT
BC321,TIN
BC322,UNT
BC323,TIN
BC324,UNT
BC325,TIN
BC326,TIN
BC327,TIN
BC328,TIN
BC329,UNT
BC330,TIN
BC331,TIN
BC332,TIN
BC333,TIN
BC334,TIN
BC335,TIN
BC336,UNT
BC337,UNT
BC338,TIN
BC339,UNT
BC340,TIN
BC341,UNT
BC342,UNT
BC343,UNT
BC344,TIN
BC345,UNT
BC346,TIN
BC347,UNT
BC348,TIN
BC349,UNT
BC350,TIN
BC351,TIN
BC352,TIN
BC353,TIN
BC354,UNT
BC355,TIN
BC356,UNT
BC357,TIN
BC358,UNT
BC359,TIN
BC360,TIN
BC361,UNT
BC362,TIN
BC363,UNT
BC364,TIN
BC365,UNT
BC366,TIN
BC367,UNT
BC368,UNT
BC369,TIN
BC370,TIN
BC371,TIN
BC372,TIN
BC373,UNT
BC374,TIN
BC375,TIN
BC376,UNT
BC377,TIN
BC378,UNT
BC379,UNT
BC380,TIN
BC381,TIN
BC382,UNT
BC383,TIN
BC384,TIN
BC385,TIN
BC386,TIN
BC387,UNT
BC388,TIN
BC389,UNT
BC390,UNT
BC391,TIN
BC392,UNT
BC393,TIN
BC394,TIN
BC395,UNT
BC396,TIN
BC397,TIN
BC398,TIN
BC399,UNT
BC400,TIN
BC401,UNT
BC402,TIN
BC403,UNT
BC404,TIN
BC405,TIN
BC406,TIN
BC407,TIN
BC408,TIN
BC409,TIN
BC410,UNT
BC411,TIN
BC412,UNT
BC413,TIN
BC414,UNT
BC415,UNT
BC416,TIN
BC417,TIN
BC418,TIN
BC419,TIN
BC420,UNT
BC421,TIN
BC422,UNT
BC423,TIN
BC424,TIN
BC425,TIN
BC426,TIN
BC427,UNT
BC428,UNT
BC429,TIN
BC430,UNT
BC431,TIN
BC432,UNT
BC433,TIN
BC434,TIN
BC435,TIN
BC436,TIN
BC437,UNT
BC438,TIN
BC439,UNT
BC440,TIN
BC441,TIN
BC442,TIN
BC443,TIN
BC444,TIN
BC445,TIN
BC446,TIN
BC447,TIN
BC448,TIN
BC449,UNT
BC450,UNT
BC451,TIN
BC452,TIN
BC453,UNT
BC454,TIN
BC455,TIN
BC456,UNT
BC457,UNT
BC458,TIN
BC459,UNT
BC460,UNT
BC461,TIN
BC462,TIN
BC463,TIN
BC464,UNT
BC465,TIN
BC466,UNT
BC467,TIN
BC468,UNT
BC469,TIN
BC470,TIN
BC471,UNT
BC472,UNT
BC473,UNT
BC474,UNT
BC475,UNT
BC476,TIN
BC477,TIN
BC478,TIN
BC479,TIN
BC480,UNT
BC481,UNT
BC482,UNT
BC483,UNT
BC484,TIN
BC485,UNT
BC486,TIN
BC487,TIN
BC488,TIN
BC489,UNT
BC490,UNT
BC491,TIN
BC492,TIN
BC493,UNT
BC494,TIN
BC495,TIN
BC496,TIN
BC497,UNT
BC498,TIN
BC499,TIN
BC500,TIN
BC501,UNT
BC502,TIN
BC503,UNT
BC504,TIN
BC505,TIN
BC506,UNT
BC507,UNT
BC508,UNT
BC509,UNT
BC510,UNT
BC511,TIN
BC512,TIN
BC513,TIN
BC514,TIN
BC515,UNT
BC516,UNT
BC517,TIN
BC518,UNT
BC519,TIN
BC520,TIN
BC521,TIN
BC522,TIN
BC523,UNT
BC524,TIN
BC525,UNT
BC526,TIN
BC527,UNT
BC528,UNT
BC529,TIN
BC530,TIN
BC531,UNT
BC532,TIN
BC533,TIN
BC534,TIN
BC535,UNT
BC536,TIN
BC537,TIN
BC538,TIN
BC539,UNT
BC540,TIN
BC541,TIN
BC542,TIN
BC543,TIN
BC544,UNT
BC545,TIN
BC546,UNT
BC547,TIN
BC548,UNT
BC549,TIN
BC550,TIN
BC551,TIN
BC552,UNT
BC553,UNT
BC554,TIN
BC555,UNT
BC556,UNT
BC557,TIN
BC558,TIN
BC559,TIN
BC560,UNT
BC561,UNT
BC562,TIN
BC563,TIN
BC564,TIN
BC565,TIN
BC566,TIN
BC567,TIN
BC568,UNT
BC569,UNT
BC570,UNT
BC571,TIN
BC572,UNT
BC573,TIN
BC574,UNT
BC575,TIN
BC576,TIN
BC577,UNT
BC578,TIN
BC579,TIN
BC580,TIN
BC581,TIN
BC582,TIN
BC583,TIN
BC584,TIN
BC585,UNT
BC586,TIN
BC587,UNT
BC588,UNT
BC589,TIN
BC590,TIN
BC591,TIN
BC592,UNT
BC593,TIN
BC594,UNT
BC595,TIN
BC596,TIN
BC597,UNT
BC598,TIN
BC599,UNT
BC600,UNT
BC601,TIN
BC602,TIN
BC603,UNT
BC604,UNT
BC605,TIN
BC606,UNT
BC607,TIN
BC608,UNT
BC609,TIN
BC610,UNT
BC611,TIN
BC612,TIN
BC613,TIN
BC614,TIN
BC615,TIN
BC616,TIN
BC617,TIN
BC618,TIN
BC619,TIN
BC620,TIN
BC621,TIN
BC622,TIN
BC623,TIN
BC624,TIN
BC625,TIN
BC626,UNT
BC627,TIN
BC628,UNT
BC629,TIN
BC630,UNT
BC631,TIN
BC632,TIN
BC633,UNT
BC634,UNT
BC635,UNT
BC636,TIN
BC637,TIN
BC638,UNT
BC639,TIN
BC640,UNT
BC641,UNT
BC642,TIN
BC643,UNT
BC644,TIN
BC645,UNT
BC646,TIN
BC647,TIN
BC648,UNT
BC649,UNT
BC650,TIN
BC651,UNT
BC652,TIN
BC653,TIN
BC654,TIN
BC655,TIN
BC656,TIN
BC657,TIN
BC658,TIN
BC659,TIN
BC660,UNT
BC661,TIN
BC662,TIN
BC663,TIN
BC664,TIN
BC665,UNT
BC666,TIN
BC667,TIN
BC668,UNT
BC669,UNT
BC670,UNT
BC671,TIN
BC672,UNT
BC673,TIN
BC674,TIN
BC675,TIN
BC676,TIN
BC677,TIN
BC678,UNT
BC679,UNT
BC680,TIN
BC681,TIN
BC682,UNT
BC683,TIN
BC684,TIN
BC685,TIN
BC686,UNT
BC687,UNT
BC688,TIN
BC689,TIN
BC690,UNT
BC691,UNT
BC692,UNT
BC693,TIN
BC694,UNT
BC695,TIN
BC696,TIN
BC697,TIN
BC698,UNT
BC699,UNT
BC700,UNT
BC701,UNT
BC702,UNT
BC703,UNT
BC704,UNT
BC705,TIN
BC706,TIN
BC707,UNT
BC708,UNT
BC709,UNT
BC710,TIN
BC711,UNT
BC712,TIN
BC713,TIN
BC714,TIN
BC715,UNT
BC716,TIN
BC717,TIN
BC718,UNT
BC719,TIN
BC720,UNT
BC721,TIN
BC722,TIN
BC723,UNT
BC724,TIN
BC725,TIN
BC726,TIN
BC727,UNT
BC728,TIN
BC729,TIN
BC730,UNT
BC731,TIN
BC732,UNT
BC733,UNT
BC734,UNT
BC735,TIN
BC736,TIN
BC737,UNT
BC738,TIN
BC739,TIN
BC740,UNT
BC741,TIN
BC742,TIN
BC743,UNT
BC744,TIN
BC745,UNT
BC746,TIN
BC747,TIN
BC748,TIN
BC749,TIN
BC750,TIN
BC751,UNT
BC752,TIN
BC753,UNT
BC754,TIN
BC755,TIN
BC756,TIN
BC757,UNT
BC758,TIN
BC759,UNT
BC760,TIN
BC761,TIN
BC762,TIN
BC763,TIN
BC764,TIN
BC765,TIN
BC766,UNT
BC767,TIN
BC768,TIN
BC769,TIN
BC770,TIN
BC771,TIN
BC772,TIN
BC773,UNT
BC774,UNT
BC775,TIN
BC776,UNT
BC777,TIN
BC778,TIN
BC779,TIN
BC780,UNT
BC781,TIN
BC782,TIN
BC783,UNT
BC784,UNT
BC785,UNT
BC786,UNT
BC787,TIN
BC788,UNT
BC789,TIN
BC790,TIN
BC791,TIN
BC792,TIN
BC793,UNT
BC794,TIN
BC795,TIN
BC796,TIN
BC797,UNT
BC798,UNT
BC799,TIN
BC800,TIN
BC801,TIN
BC802,TIN
BC803,UNT
BC804,TIN
BC805,UNT
BC806,TIN
BC807,TIN
BC808,TIN
BC809,UNT
BC810,TIN
BC811,TIN
BC812,TIN
BC813,TIN
BC814,TIN
BC815,TIN
BC816,UNT
BC817,UNT
BC818,UNT
BC819,TIN
BC820,TIN
BC821,TIN
BC822,UNT
BC823,TIN
BC824,UNT
BC825,UNT
BC826,UNT
BC827,TIN
BC828,TIN
BC829,TIN
BC830,TIN
BC831,TIN
BC832,TIN
BC833,TIN
BC834,TIN
BC835,TIN
BC836,UNT
BC837,TIN
BC838,UNT
BC839,TIN
BC840,TIN
BC841,TIN
BC842,TIN
BC843,UNT
BC844,UNT
BC845,UNT
BC846,UNT
BC847,TIN
BC848,TIN
BC849,TIN
BC850,TIN
BC851,UNT
BC852,UNT
BC853,UNT
BC854,UNT
BC855,UNT
BC856,TIN
BC857,TIN
BC858,UNT
BC859,TIN
BC860,TIN
BC861,TIN
BC862,UNT
BC863,UNT
BC864,UNT
BC865,UNT
BC866,TIN
BC867,UNT
BC868,TIN
BC869,TIN
BC870,UNT
BC871,TIN
BC872,UNT
BC873,UNT
BC874,UNT
BC875,TIN
BC876,TIN
BC877,TIN
BC878,UNT
BC879,TIN
BC880,UNT
BC881,TIN
BC882,UNT
BC883,UNT
BC884,UNT
BC885,UNT
BC886,TIN
BC887,UNT
BC888,UNT
BC889,TIN
BC890,UNT
BC891,UNT
BC892,TIN
BC893,TIN
BC894,TIN
BC895,UNT
BC896,TIN
BC897,TIN
BC898,UNT
BC899,TIN
BC900,UNT
BC901,TIN
BC902,UNT
BC903,UNT
BC904,UNT
BC905,TIN
BC906,TIN
BC907,TIN
BC908,UNT
BC909,TIN
BC910,TIN
BC911,TIN
BC912,UNT
BC913,UNT
BC914,TIN
BC915,TIN
BC916,TIN
BC917,UNT
BC918,TIN
BC919,UNT
BC920,TIN
BC921,UNT
BC922,TIN
BC923,TIN
BC924,UNT
BC925,TIN
BC926,TIN
BC927,UNT
BC928,UNT
BC929,TIN
BC930,UNT
BC931,UNT
BC932,UNT
BC933,TIN
BC934,UNT
BC935,TIN
BC936,UNT
BC937,TIN
BC938,TIN
BC939,TIN
BC940,TIN
BC941,TIN
BC942,TIN
BC943,TIN
BC944,TIN
BC945,UNT
BC946,UNT
BC947,TIN
BC948,TIN
BC949,TIN
BC950,TIN
BC951,TIN
BC952,TIN
BC953,UNT
BC954,TIN
BC955,TIN
BC956,UNT
BC957,UNT
BC958,UNT
BC959,TIN
BC960,TIN
BC961,TIN
BC962,TIN
BC963,TIN
BC964,TIN
BC965,UNT
BC966,UNT
BC967,UNT
BC968,TIN
BC969,TIN
BC970,TIN
BC971,UNT
BC972,TIN
BC973,TIN
BC974,UNT
BC975,TIN
BC976,UNT
BC977,TIN
BC978,UNT
BC979,TIN
BC980,UNT
BC981,TIN
BC982,UNT
BC983,UNT
BC984,TIN
BC985,TIN
BC986,TIN
BC987,TIN
BC988,TIN
BC989,UNT
BC990,TIN
BC991,UNT
BC992,TIN
BC993,TIN
BC994,TIN
BC995,TIN
BC996,TIN
BC997,UNT
BC998,UNT
BC999,TIN
BC1000,TIN
BC1001,UNT
BC1002,UNT
BC1003,TIN
BC1004,TIN
BC1005,TIN
BC1006,UNT
BC1007,TIN
BC1008,TIN
BC1009,TIN
BC1010,UNT
BC1011,UNT
BC1012,UNT
BC1013,UNT
BC1014,TIN
BC1015,UNT
BC1016,TIN
BC1017,UNT
BC1018,TIN
BC1019,UNT
BC1020,TIN
BC1021,TIN
BC1022,UNT
BC1023,TIN
BC1024,TIN
BC1025,TIN
BC1026,TIN
BC1027,TIN
BC1028,TIN
BC1029,TIN
BC1030,UNT
BC1031,UNT
BC1032,TIN
BC1033,TIN
BC1034,TIN
BC1035,TIN
BC1036,TIN
BC1037,UNT
BC1038,TIN
BC1039,UNT
BC1040,UNT
BC1041,TIN
BC1042,UNT
BC1043,UNT
BC1044,TIN
BC1045,UNT
BC1046,TIN
BC1047,TIN
BC1048,TIN
BC1049,UNT
BC1050,UNT
BC1051,UNT
BC1052,TIN
BC1053,TIN
BC1054,TIN
BC1055,TIN
BC1056,TIN
BC1057,UNT
BC1058,TIN
BC1059,UNT
BC1060,TIN
BC1061,TIN
BC1062,UNT
BC1063,TIN
BC1064,TIN
BC1065,UNT
BC1066,UNT
BC1067,TIN
BC1068,TIN
BC1069,TIN
BC1070,TIN
BC1071,TIN
BC1072,UNT
BC1073,TIN
BC1074,UNT
BC1075,UNT
BC1076,TIN
BC1077,UNT
BC1078,TIN
BC1079,UNT
BC1080,UNT
BC1081,TIN
BC1082,TIN
BC1083,TIN
BC1084,UNT
BC1085,TIN
BC1086,UNT
BC1087,TIN
BC1088,TIN
BC1089,UNT
BC1090,TIN
BC1091,TIN
BC1092,TIN
BC1093,UNT
BC1094,TIN
BC1095,UNT
BC1096,TIN
BC1097,UNT
BC1098,UNT
BC1099,TIN
BC1100,UNT
BC1101,TIN
BC1102,TIN
BC1103,TIN
BC1104,TIN
BC1105,UNT
BC1106,UNT
BC1107,UNT
BC1108,TIN
BC1109,UNT
BC1110,TIN
BC1111,TIN
BC1112,TIN
BC1113,TIN
BC1114,UNT
BC1115,TIN
BC1116,TIN
BC1117,TIN
BC1118,TIN
BC1119,TIN
BC1120,TIN
BC1121,UNT
BC1122,UNT
BC1123,TIN
BC1124,TIN
BC1125,TIN
BC1126,TIN
BC1127,TIN
BC1128,UNT
BC1129,UNT
BC1130,UNT
BC1131,UNT
BC1132,TIN
BC1133,TIN
BC1134,TIN
BC1135,TIN
BC1136,TIN
BC1137,TIN
BC1138,TIN
BC1139,UNT
BC1140,TIN
BC1141,UNT
BC1142,TIN
BC1143,UNT
BC1144,TIN
BC1145,UNT
BC1146,TIN
BC1147,TIN
BC1148,UNT
BC1149,UNT
BC1150,UNT
BC1151,UNT
BC1152,TIN
BC1153,TIN
BC1154,UNT
BC1155,TIN
BC1156,UNT
BC1157,UNT
BC1158,TIN
BC1159,UNT
BC1160,UNT
BC1161,UNT
BC1162,UNT
BC1163,UNT
BC1164,UNT
BC1165,TIN
BC1166,TIN
BC1167,UNT
BC1168,TIN
BC1169,UNT
BC1170,UNT
BC1171,TIN
BC1172,UNT
BC1173,TIN
BC1174,TIN
BC1175,TIN
BC1176,TIN
BC1177,TIN
BC1178,UNT
BC1179,UNT
BC1180,UNT
BC1181,TIN
BC1182,TIN
BC1183,TIN
BC1184,TIN
BC1185,TIN
BC1186,UNT
BC1187,TIN
BC1188,TIN
BC1189,UNT
BC1190,TIN
BC1191,TIN
BC1192,TIN
BC1193,TIN
BC1194,UNT
BC1195,TIN
BC1196,UNT
BC1197,UNT
BC1198,UNT
BC1199,TIN
BC1200,UNT
BC1201,UNT
BC1202,UNT
BC1203,UNT
BC1204,TIN
BC1205,UNT
BC1206,UNT
BC1207,TIN
BC1208,UNT
BC1209,TIN
BC1210,TIN
BC1211,UNT
BC1212,UNT
BC1213,UNT
BC1214,UNT
BC1215,TIN
BC1216,TIN
BC1217,TIN
BC1218,UNT
BC1219,UNT
BC1220,TIN
BC1221,TIN
BC1222,TIN
BC1223,UNT
BC1224,TIN
BC1225,UNT
BC1226,UNT
BC1227,UNT
BC1228,TIN
BC1229,UNT
BC1230,UNT
BC1231,UNT
BC1232,UNT
BC1233,UNT
BC1234,UNT
BC1235,TIN
BC1236,TIN
BC1237,UNT
BC1238,TIN
BC1239,UNT
BC1240,TIN
BC1241,TIN
BC1242,UNT
BC1243,UNT
BC1244,TIN
BC1245,UNT
BC1246,TIN
BC1247,UNT
BC1248,UNT
BC1249,UNT
BC1250,TIN
BC1251,UNT
BC1252,TIN
BC1253,TIN
BC1254,TIN
BC1255,TIN
BC1256,TIN
BC1257,UNT
BC1258,UNT
BC1259,UNT
BC1260,TIN
BC1261,TIN
BC1262,UNT
BC1263,TIN
BC1264,TIN
BC1265,TIN
BC1266,UNT
BC1267,TIN
BC1268,TIN
BC1269,TIN
BC1270,TIN
BC1271,TIN
BC1272,UNT
BC1273,UNT
BC1274,TIN
BC1275,TIN
BC1276,UNT
BC1277,UNT
BC1278,TIN
BC1279,UNT
BC1280,UNT
BC1281,UNT
BC1282,UNT
BC1283,TIN
BC1284,TIN
BC1285,TIN
BC1286,TIN
BC1287,UNT
BC1288,TIN
BC1289,TIN
BC1290,TIN
BC1291,TIN
BC1292,TIN
BC1293,TIN
BC1294,UNT
BC1295,TIN
BC1296,TIN
BC1297,UNT
BC1298,UNT
BC1299,TIN
BC1300,TIN
BC1301,UNT
BC1302,UNT
BC1303,UNT
BC1304,TIN
BC1305,TIN
BC1306,UNT
BC1307,TIN
BC1308,TIN
BC1309,UNT
BC1310,UNT
BC1311,TIN
BC1312,UNT
BC1313,TIN
BC1314,UNT
BC1315,TIN
BC1316,TIN
BC1317,TIN
BC1318,UNT
BC1319,UNT
BC1320,TIN
BC1321,TIN
BC1322,TIN
BC1323,UNT
BC1324,UNT
BC1325,UNT
BC1326,UNT
BC1327,TIN
BC1328,TIN
BC1329,TIN
BC1330,UNT
BC1331,TIN
BC1332,TIN
BC1333,UNT
BC1334,UNT
BC1335,UNT
BC1336,UNT
BC1337,UNT
BC1338,TIN
BC1339,UNT
BC1340,UNT
BC1341,UNT
BC1342,UNT
BC1343,UNT
BC1344,UNT
BC1345,UNT
BC1346,UNT
BC1347,TIN
BC1348,TIN
BC1349,TIN
BC1350,TIN
BC1351,TIN
BC1352,TIN
BC1353,TIN
BC1354,TIN
BC1355,TIN
BC1356,TIN
BC1357,UNT
BC1358,TIN
BC1359,UNT
BC1360,TIN
BC1361,UNT
BC1362,TIN
BC1363,UNT
BC1364,TIN
BC1365,TIN
BC1366,TIN
BC1367,TIN
BC1368,UNT
BC1369,TIN
BC1370,TIN
BC1371,UNT
BC1372,TIN
BC1373,UNT
BC1374,TIN
BC1375,TIN
BC1376,TIN
BC1377,TIN
BC1378,UNT
BC1379,TIN
BC1380,TIN
BC1381,TIN
BC1382,TIN
BC1383,TIN
BC1384,TIN
BC1385,UNT
BC1386,TIN
BC1387,TIN
BC1388,TIN
BC1389,UNT
BC1390,TIN
BC1391,UNT
BC1392,UNT
BC1393,TIN
BC1394,UNT
BC1395,TIN
BC1396,UNT
BC1397,TIN
BC1398,UNT
BC1399,TIN
BC1400,TIN
BC1401,TIN
BC1402,TIN
BC1403,TIN
BC1404,UNT
BC1405,TIN
BC1406,UNT
BC1407,UNT
BC1408,TIN
BC1409,TIN
BC1410,TIN
BC1411,TIN
BC1412,TIN
BC1413,TIN
BC1414,TIN
BC1415,UNT
BC1416,TIN
BC1417,TIN
BC1418,UNT
BC1419,UNT
BC1420,UNT
BC1421,TIN
